{
  "SET Operations": {
    "operation": "SET",
    "total_operations": 10000,
    "total_time": 3.4465625898446888,
    "ops_per_second": 2901.441578187218,
    "avg_latency_ms": 0.3446562589844689,
    "min_latency_ms": 0.05619996227324009,
    "max_latency_ms": 4.579199943691492,
    "median_latency_ms": 0.32264995388686657,
    "p95_latency_ms": 0.6643000524491072,
    "p99_latency_ms": 0.8191999513655901,
    "std_dev_ms": 0.20949565972300443
  },
  "GET Operations": {
    "operation": "GET",
    "total_operations": 10000,
    "total_time": 2.6166770008858293,
    "ops_per_second": 3821.6409578311263,
    "avg_latency_ms": 0.261667700088583,
    "min_latency_ms": 0.06979983299970627,
    "max_latency_ms": 3.347699996083975,
    "median_latency_ms": 0.22559997159987688,
    "p95_latency_ms": 0.46280003152787685,
    "p99_latency_ms": 0.6993000861257315,
    "std_dev_ms": 0.1397014609511002
  },
  "Mixed Operations": {
    "operation": "MIXED",
    "total_operations": 10000,
    "total_time": 3.7020243799779564,
    "ops_per_second": 2701.2247823336984,
    "avg_latency_ms": 0.3702024379977956,
    "min_latency_ms": 0.08150003850460052,
    "max_latency_ms": 21.71269990503788,
    "median_latency_ms": 0.3164500230923295,
    "p95_latency_ms": 0.7038000039756298,
    "p99_latency_ms": 1.3905998785048723,
    "std_dev_ms": 0.37591166285472494
  },
  "TTL Operations": {
    "operation": "TTL",
    "total_operations": 5000,
    "total_time": 2.3515919940546155,
    "ops_per_second": 2126.2191794500027,
    "avg_latency_ms": 0.4703183988109231,
    "min_latency_ms": 0.09109987877309322,
    "max_latency_ms": 5.649299826472998,
    "median_latency_ms": 0.46420004218816757,
    "p95_latency_ms": 0.757100060582161,
    "p99_latency_ms": 1.1168001219630241,
    "std_dev_ms": 0.22686857406996935
  },
  "Large Values": {
    "operation": "LARGE_VALUES",
    "total_operations": 1000,
    "total_time": 0.547761297551915,
    "ops_per_second": 1825.612733994269,
    "avg_latency_ms": 0.547761297551915,
    "min_latency_ms": 0.16200006939470768,
    "max_latency_ms": 2.026899950578809,
    "median_latency_ms": 0.5140500143170357,
    "p95_latency_ms": 0.8851999882608652,
    "p99_latency_ms": 1.1020000092685223,
    "std_dev_ms": 0.1868721325432287
  },
  "Concurrent Clients": {
    "operation": "CONCURRENT",
    "total_operations": 10000,
    "total_time": 2.744154999963939,
    "ops_per_second": 3644.109024501681,
    "avg_latency_ms": 2.6842092603445056,
    "min_latency_ms": 0.10939990170300007,
    "max_latency_ms": 18.55969987809658,
    "p95_latency_ms": 4.988800035789609,
    "p99_latency_ms": 7.589599816128612
  }
}